CaseID,Related cases,Cluster links,Relationship notes,Case,age,sex,country,hospital,presumed_infected_date,presumed_reason,last_poss_exposure,symp_presumed_infector,date_onset_symptoms,date_quarantine,date_hospital,date_confirmation,outcome,date_discharge,travel_history,additional_information,cluster,citizenship
1,"2,3",NA,NA,"Case 1, 66M, Wuhan",66,M,Singapore,Singapore General Hospital,2020-01-20,Arrived from Wuhan,2020-01-20,NA,2020-01-20,NA,2020-01-22,2020-01-23,Discharged,2020-02-19,Wuhan,"Travelled with Case 3 (son) and M1 (wife) ;MOH has identified 46 close contacts of the first confirmed case. 24 of them have left Singapore, including his eight travelling companions. 17 have been contacted. One has been isolated (Case 3) and the remaining 16 are being quarantined. Efforts are ongoing to contact the remaining 5; stayed at Shangri-La’s Rasa Sentosa Resort & Spa in Sentosa and indicated that he had kept to the vicinity of the hotel",Wuhan,China
2,"1,3",NA,NA,"Case 2, 53F, Wuhan",53,F,Singapore,National Centre for Infectious Diseases,2020-01-20,Arrived from Wuhan,2020-01-20,NA,2020-01-21,NA,2020-01-22,2020-01-24,Discharged,2020-02-07,Wuhan,NA,Wuhan,China
3,"1,2",NA,Son of 1,"Case 3, 37M, Wuhan",37,M,Singapore,Singapore General Hospital,2020-01-20,Arrived from Wuhan,2020-01-20,NA,2020-01-23,NA,2020-01-23,2020-01-24,Discharged,2020-02-21,Wuhan,Son of Case 1,Wuhan,China
4,11,NA,NA,"Case 4, 36M, Wuhan",36,M,Singapore,Sengkang General Hospital,2020-01-22,Arrived from Wuhan (Asymptomatic),2020-01-22,NA,2020-01-23,NA,2020-01-24,2020-01-25,Discharged,2020-02-12,Wuhan,"Chinese national; stayed at Village Hotel Sentosa, visited Universal Studios Sinapore and Vivocity; was on public transport; Asymptomatic upon arrival in Singapore",Wuhan,China
5,NA,NA,NA,"Case 5, 56F, Wuhan",56,F,Singapore,National Centre for Infectious Diseases,2020-01-18,Arrived from Wuhan (Asymptomatic),2020-01-18,NA,2020-01-24,NA,2020-01-26,2020-01-24,Discharged,2020-02-18,Wuhan,"Patient was asymptomatic during flight from Wuhan to Singapore on 18.01.2020. Before being admitted to hospital, patient stayed with her family at their home in Ceylon Road",Wuhan,China
6,NA,NA,NA,"Case 6, 56M, Wuhan",56,M,Singapore,Changi General Hospital,2020-01-19,Arrived from Wuhan (Asymptomatic),2020-01-19,NA,2020-01-25,NA,2020-01-26,2020-01-27,Discharged,2020-02-20,Wuhan,Asymptomatic upon arrival in Singapore,Wuhan,China
7,NA,NA,NA,"Case 7, 35M, Wuhan",35,M,Singapore,National Centre for Infectious Diseases,2020-01-23,Arrived from Wuhan (Asymptomatic),2020-01-23,NA,2020-01-24,NA,2020-01-24,2020-01-27,Discharged,2020-02-04,Wuhan,Asymptomatic upon arrival in Singapore,Wuhan,China
8,"9,83,91,90,38,33,31","9,31,33,38,83, 90, 91",Married to 9,"Case 8, 56F, Life Church, Wuhan",56,F,Singapore,National Centre for Infectious Diseases,2020-01-19,Arrived from Wuhan (Asymptomatic),2020-01-19,NA,2020-01-24,NA,2020-01-27,2020-01-28,Discharged,2020-02-18,Wuhan,Wife to Case 8; Stayed with their family at their home at Lorong Lew Lian prior to hospital admission,"Life Church, Wuhan",China
9,8,NA,Married to 8,"Case 9, 56M, Life Church, Wuhan",56,M,Singapore,National Centre for Infectious Diseases,2020-01-19,Arrived from Wuhan (Asymptomatic),2020-01-19,NA,2020-01-24,NA,2020-01-27,2020-01-29,Discharged,2020-02-23,Wuhan,Husband to Case 9; Stayed with their family at their home at Lorong Lew Lian prior to hospital admission,"Life Church, Wuhan",China
10,NA,NA,NA,"Case 10, 56M, Wuhan",56,M,Singapore,National Centre for Infectious Diseases,2020-01-20,Arrived from Wuhan (Asymptomatic),2020-01-20,NA,2020-01-21,NA,2020-01-28,2020-01-29,Discharged,2020-02-09,Wuhan,"Prior to hospital admission, the case worked and lived on board a cargo vessel",Wuhan,China
11,4,NA,NA,"Case 11, 31F, Wuhan",31,F,Singapore,National Centre for Infectious Diseases,2020-01-22,Arrived from Wuhan (Asymptomatic),2020-01-22,NA,2020-01-27,2020-01-26,2020-01-27,2020-01-29,Discharged,2020-02-10,Wuhan,Travelling companion of Case 4; National Centre for Infectious Diseases (NCID),Wuhan,China
12,18,NA,NA,"Case 12, 37F, Wuhan",37,F,Singapore,National Centre for Infectious Diseases,2020-01-22,Arrived from Wuhan (Asymptomatic),2020-01-22,NA,2020-01-26,NA,2020-01-29,2020-01-29,Discharged,2020-02-12,Wuhan,"Travel companion of Case 18; Chinese national; stayed at village Hotel Sentosa (10 Artillery Avenue), Hotel 81 Princess (21 Lorong 12 Geylang) and Home Suite View Hotel (12 Lorong 12 Geylang). She indicated that she had visited Orchard Road and Geylang, and had travelled by taxi.",Wuhan,China
13,"26, 2",NA,NA,"Case 13, 73F, Wuhan",73,F,Singapore,National Centre for Infectious Diseases,2020-01-21,Arrived from Wuhan (Asymptomatic),2020-01-21,NA,2020-01-28,NA,2020-01-28,2020-01-30,Discharged,2020-02-09,Wuhan,"Close contact of Case 2; Chinese national; visited Changi Airport and Jewel, and had travelled on private transport and taxi;visited National Centre for Infectious Diseases (NCID)",Wuhan,China
14,NA,NA,NA,"Case 14, 31M, Wuhan",31,M,Singapore,National Centre for Infectious Diseases,2020-01-26,Arrived from Wuhan (Asymptomatic),2020-01-26,NA,2020-01-28,NA,2020-01-30,2020-01-30,Discharged,2020-02-17,Wuhan,Singapore Work Pass holder; stayed at home prior to hospital admission,Wuhan,China (Singapore Work Pass)
15,NA,NA,NA,"Case 15, 47F, Wuhan",47,F,Singapore,National Centre for Infectious Diseases,2020-01-30,"Evacuated from Wuhan (Asymptomatic when boarded, fever upon arrival and quarantined)",2020-01-30,NA,NA,2020-01-30,2020-01-30,2020-01-31,Discharged,2020-02-17,Wuhan,Evacuated Singaporean national,Wuhan,Singapore
16,NA,NA,NA,"Case 16, 38M, Wuhan",38,M,Singapore,Singapore General Hospital,2020-01-22,Arrived from Wuhan (Asymptomatic),2020-01-22,NA,2020-01-23,NA,2020-01-29,2020-01-31,Discharged,2020-02-20,Wuhan,NA,Wuhan,China
17,NA,NA,NA,"Case 17, 47F, Wuhan",47,F,Singapore,National Centre for Infectious Diseases,2020-01-30,Asymptomatic but detected a fever during medical screening at airport,2020-01-30,NA,2020-01-30,NA,2020-01-30,2020-01-31,Discharged,2020-02-11,Wuhan,Singaporean citizne,Wuhan,Singapore
18,12,NA,NA,"Case 18, 31F, Wuhan",31,F,Singapore,National Centre for Infectious Diseases,2020-01-22,Arrived from Wuhan (Asymptomatic),2020-01-22,NA,2020-01-30,NA,2020-01-31,2020-02-01,NA,NA,Wuhan,Travel companion of Case 12; National Centre for Infectious Diseases (NCID),Wuhan,China
19,"20,21,24,27,28,34,40","20,21,24,25,27,28,34,40",Married to 27,"Case 19, 28F, Yong Thai Hang",28,F,Singapore,Singapore General Hospital,2020-01-23,Yong Thai Hang,NA,2020-01-23,2020-01-29,2020-01-30,2020-01-31,2020-02-03,Discharged,2020-02-22,not to China,worked at health product shop with many chinese tourists,Yong Thai Hang,Singapore
20,"24,19",NA,NA,"Case 20, 48F, Yong Thai Hang",48,F,Singapore,National Centre for Infectious Diseases,2020-01-23,Yong Thai Hang,NA,2020-01-23,2020-01-25,NA,2020-02-03,2020-02-03,NA,NA,not to China,colleague of case working in health product shop,Yong Thai Hang,Singapore
21,19,NA,Yong Thai Hang employee,"Case 21, 44F, Yong Thai Hang",44,F,Singapore,Singapore General Hospital,2020-01-23,Yong Thai Hang,NA,2020-01-23,2020-02-02,NA,2020-02-03,2020-02-03,Discharged,2020-02-18,not to China,close contact of case 19 (foreign domestic worker),Yong Thai Hang,Indonesia
22,23,NA,NA,"Case 22, 21M, Wuhan",21,M,Singapore,National Centre for Infectious Diseases,2020-01-30,"Evacuated from Wuhan (Asymptomatic, quarantined upon arrival)",2020-01-30,NA,NA,2020-01-30,2020-01-30,2020-02-03,Discharged,2020-02-09,Wuhan,evacuated,Wuhan,Singapore
23,22,NA,NA,"Case 23, 17M, Wuhan",17,M,Singapore,National Centre for Infectious Diseases,2020-01-30,"Evacuated from Wuhan (Asymptomatic, quarantined upon arrival)",2020-01-30,NA,NA,2020-01-30,2020-01-30,2020-02-03,Discharged,2020-02-21,Wuhan,evacuated,Wuhan,Singapore
24,"19,20,25",NA,Married to 25,"Case 24, 32F, Yong Thai Hang",32,F,Singapore,National Centre for Infectious Diseases,2020-01-23,Yong Thai Hang,2020-01-23,NA,2020-01-30,NA,2020-02-03,2020-02-04,Discharged,2020-02-15,not to China,"tourist guide, Yong Thai Hang at 24 Cavan road, same shop than cases 19/20 from Singapore",Yong Thai Hang,Singapore
25,24,NA,Married to 24,"Case 25, 40M, Yong Thai Hang",40,M,Singapore,National Centre for Infectious Diseases,2020-01-23,Yong Thai Hang,2020-01-23,NA,2020-01-24,NA,2020-01-30,2020-02-04,Discharged,2020-02-12,not to China,"husband of 24;  worked at Diamond Industries Jewellery Company at Harbour Drive, which the tour group from Guangxi had visited as well. He had also visited Pasir Panjang Hawker Centre and travelled by public transport.",Yong Thai Hang,Singapore
26,13,NA,Daughter of 13,"Case 26, 42F , Wuhan",42,F,Singapore,National Centre for Infectious Diseases,2020-01-21,Arrived from Wuhan,2020-01-21,NA,NA,NA,2020-01-28,2020-02-04,Discharged,2020-02-09,Wuhan,NA,Wuhan,China
27,"28,19",NA,Married to 19,"Case 27, 45M, Yong Thai Hang",45,M,Singapore,National Centre for Infectious Diseases,2020-01-23,Yong Thai Hang,2020-01-23,2020-01-23,2020-02-01,NA,2020-02-04,2020-02-05,Discharged,2020-02-21,not to China,husband of another case,Yong Thai Hang,Singapore
28,"19,27",NA,"Child of 19, 27","Case 28, 0.5M, Yong Thai Hang",0.5,M,Singapore,KK Women's and Children's Hospital,2020-01-23,Yong Thai Hang,2020-01-23,2020-01-23,NA,NA,2020-02-05,2020-02-05,Discharged,2020-02-22,not to China,"child of two cases, six months old",Yong Thai Hang,Singapore
29,NA,NA,NA,"Case 29, 41M, NA",41,M,Singapore,National Centre for Infectious Diseases,NA,NA,NA,NA,2020-01-28,NA,2020-02-03,2020-02-06,Discharged,2020-02-12,not to China,NA,NA,Singapore
30,NA,"36,39",NA,"Case 30, 27M, Grand Hyatt Singapore",27,M,Singapore,National Centre for Infectious Diseases,2020-01-20,Grand Hyatt Singapore,NA,2020-01-20,2020-01-21,NA,2020-02-06,2020-02-06,Discharged,2020-02-14,not to China,"He is one of the four Singapore residents who are being investigated at NCID after attending a private business meeting at Grand Hyatt Singapore from 20 to 22 January. The meeting included participants from China, including Hubei, and the confirmed cases from Malaysia and South Korea.",Grand Hyatt Singapore,Singapore
31,NA,NA,NA,"Case 31, 53M, Life Church",53,M,Singapore,Changi General Hospital,2020-01-19,Life Church,NA,2020-01-19,2020-01-23,NA,2020-02-01,2020-02-06,Discharged,2020-02-17,Malaysia,NA,Life Church,Singapore
32,NA,NA,NA,"Case 32, 42F, NA",42,F,Singapore,National Centre for Infectious Diseases,NA,NA,NA,NA,2020-02-02,NA,2020-02-05,2020-02-06,Discharged,2020-02-19,not to China,NA,NA,Singapore
33,NA,NA,NA,"Case 33, 39F, Life Church",39,F,Singapore,Sengkang General Hospital,2020-01-19,Life Church,NA,2020-01-19,2020-01-30,NA,2020-02-02,2020-02-06,Discharged,2020-02-19,Malaysia,NA,Life Church,Singapore
34,"19,20",NA,Yong Thai Hang employee,"Case 34, 40F, Yong Thai Hang",40,F,Singapore,National Centre for Infectious Diseases,2020-01-23,Yong Thai Hang,NA,2020-01-23,2020-01-27,2020-02-04,2020-02-06,2020-02-08,Discharged,2020-02-12,not to China,NA,Yong Thai Hang,Singapore
35,NA,NA,Taxi driver,"Case 35, 64F, NA",64,F,Singapore,Singapore General Hospital,NA,NA,NA,NA,2020-01-30,NA,2020-02-06,2020-02-08,NA,NA,not to China,NA,NA,Singapore
36,"30,39",NA,NA,"Case 36, 38F, Grand Hyatt Singapore",38,F,Singapore,National Centre for Infectious Diseases,2020-01-20,Grand Hyatt Singapore,NA,2020-01-20,2020-01-24,NA,2020-02-04,2020-02-08,Discharged,2020-02-11,Malaysia,NA,Grand Hyatt Singapore,Singapore
37,NA,NA,Private hire car driver,"Case 37, 53M, NA",53,M,Singapore,National Centre for Infectious Diseases,NA,NA,NA,NA,2020-01-30,NA,2020-02-06,2020-02-08,NA,NA,not to China,NA,NA,Singapore
38,NA,NA,NA,"Case 38, 52F, Life Church",52,F,Singapore,National Centre for Infectious Diseases,2020-01-19,Life Church,NA,2020-01-19,2020-02-03,NA,2020-02-07,2020-02-08,Discharged,2020-02-18,not to China,NA,Life Church,Singapore
39,NA,NA,NA,"Case 39, 51M, Grand Hyatt Singapore",51,M,Singapore,National Centre for Infectious Diseases,2020-01-20,Grand Hyatt Singapore,NA,2020-01-20,2020-01-29,NA,2020-02-05,2020-02-08,Discharged,2020-02-16,Malaysia,NA,Grand Hyatt Singapore,Singapore
40,"19,20",NA,Yong Thai Hang employee,"Case 40, 36M, Yong Thai Hang",36,M,Singapore,National Centre for Infectious Diseases,2020-01-23,Yong Thai Hang,NA,2020-01-23,2020-01-30,2020-02-04,2020-02-07,2020-02-08,Discharged,2020-02-12,not to China,NA,Yong Thai Hang,Singapore
41,NA,NA,NA,"Case 41, 71M, NA",71,M,Singapore,National Centre for Infectious Diseases,NA,NA,NA,NA,2020-02-01,NA,2020-02-07,2020-02-09,NA,NA,not to China,NA,NA,Singapore
42,NA,"47,52,56,69",NA,"Case 42, 39M, Seletar Aerospace Heights",39,M,Singapore,National Centre for Infectious Diseases,2020-02-01,Seletar Aerospace Heights,NA,2020-02-01,2020-02-01,NA,2020-02-07,2020-02-09,NA,NA,not to China,NA,Seletar Aerospace Heights,Bangladesh (Singapore Work Pass)
43,NA,NA,NA,"Case 43, 54M, NA",54,M,Singapore,Sengkang General Hospital,NA,NA,NA,NA,2020-01-30,NA,2020-02-06,2020-02-09,NA,NA,Malaysia,NA,NA,Singapore
44,"13,26",NA,"Served quarantine orders to 13, 26","Case 44, 37M, NA",37,M,Singapore,Khoo Teck Puat Hospital,2020-01-28,"via 13, 26 (Date of 13 symptom onset)",NA,2020-01-28,2020-01-31,NA,2020-02-06,2020-02-10,Discharged,2020-02-19,not to China,Contact at airport,NA,Singapore
45,NA,NA,NA,"Case 45, 2F, Wuhan",2,F,Singapore,KK Women's and Children's Hospital,2020-01-30,"Arrived from Wuhan (Evacuated when boarded flight, quarantined upon arrival)",2020-01-30,NA,NA,2020-01-30,2020-02-07,2020-02-10,Discharged,2020-02-14,Wuhan,NA,Wuhan,Singapore
46,NA,NA,NA,"Case 46, 35M, NA",35,M,Singapore,National Centre for Infectious Diseases,NA,NA,NA,NA,2020-02-05,NA,2020-02-09,2020-02-10,Discharged,2020-02-24,Malaysia,NA,NA,Singapore
47,NA,NA,NA,"Case 47, 39M, Seletar Aerospace Heights",39,M,Singapore,National Centre for Infectious Diseases,2020-02-01,Seletar Aerospace Heights,NA,2020-02-01,2020-02-06,NA,2020-02-10,2020-02-10,NA,NA,not to China,NA,Seletar Aerospace Heights,Bangladesh (Singapore Work Pass)
48,NA,"49,51,53,54,57,58,60,61,62,63,66,67,68,70,71,73,74,78,80,81,84, 88",NA,"Case 48, 34M, Grace Assembly of God",34,M,Singapore,National Centre for Infectious Diseases,2020-01-29,Grace Assembly of God,NA,2020-01-29,2020-02-01,NA,2020-02-10,2020-02-12,Discharged,2020-02-17,Malaysia,NA,Grace Assembly of God,Singapore
49,NA,NA,NA,"Case 49, 46M, Grace Assembly of God",46,M,Singapore,National University Hospital,2020-01-29,Grace Assembly of God,NA,2020-01-29,2020-02-03,NA,2020-02-10,2020-02-12,Discharged,2020-02-26,not to China,NA,Grace Assembly of God,Singapore
50,"55,65,77",NA,NA,"Case 50, 62M, NA",62,M,Singapore,National Centre for Infectious Diseases,NA,NA,NA,NA,2020-02-07,NA,2020-02-11,2020-02-12,Discharged,2020-02-21,not to China,NA,NA,Singapore
51,NA,NA,NA,"Case 51, 48M, Grace Assembly of God",48,M,Singapore,National Centre for Infectious Diseases,2020-01-29,Grace Assembly of God,NA,2020-01-29,2020-02-04,NA,2020-02-11,2020-02-13,Discharged,2020-02-21,not to China,NA,Grace Assembly of God,Singapore
52,NA,NA,NA,"Case 52, 37M, Seletar Aerospace Heights",37,M,Singapore,National Centre for Infectious Diseases,2020-02-01,Seletar Aerospace Heights,NA,2020-02-01,2020-02-07,NA,2020-02-11,2020-02-13,NA,NA,not to China,NA,Seletar Aerospace Heights,Bangladesh (Singapore Work Pass)
53,"
",NA,NA,"Case 53, 54M, Grace Assembly of God",54,M,Singapore,National Centre for Infectious Diseases,2020-01-29,Grace Assembly of God,NA,2020-01-29,2020-02-10,NA,2020-02-12,2020-02-13,NA,NA,not to China,NA,Grace Assembly of God,Singapore
54,"57,58",NA,NA,"Case 54, 54F, Grace Assembly of God",54,F,Singapore,National Centre for Infectious Diseases,2020-01-29,Grace Assembly of God,NA,2020-01-29,2020-02-10,NA,2020-02-12,2020-02-13,NA,NA,not to China,NA,Grace Assembly of God,Singapore
55,50,NA,Family member of 50,"Case 55, 30M, NA",30,M,Singapore,National Centre for Infectious Diseases,NA,NA,NA,NA,2020-01-30,NA,2020-02-12,2020-02-13,Discharged,2020-02-19,not to China,NA,NA,Singapore
56,NA,NA,NA,"Case 56, 30M, Seletar Aerospace Heights",30,M,Singapore,National Centre for Infectious Diseases,2020-02-01,Seletar Aerospace Heights,NA,2020-02-01,2020-02-12,NA,2020-02-12,2020-02-13,Discharged,2020-02-26,not to China,NA,Seletar Aerospace Heights,Bangladesh
57,"54,58",NA,NA,"Case 57, 26M, Grace Assembly of God",26,M,Singapore,National Centre for Infectious Diseases,2020-01-29,Grace Assembly of God,NA,2020-01-29,2020-02-11,NA,2020-02-11,2020-02-13,Discharged,2020-02-21,not to China,NA,Grace Assembly of God,Singapore
58,"54,57",NA,NA,"Case 58, 55M, Grace Assembly of God",55,M,Singapore,National Centre for Infectious Diseases,2020-01-29,Grace Assembly of God,NA,2020-01-29,2020-02-10,NA,2020-02-12,2020-02-13,Discharged,2020-02-25,not to China,NA,Grace Assembly of God,Singapore
59,"72,79",NA,NA,"Case 59, 61M, NA",61,M,Singapore,National Centre for Infectious Diseases,NA,NA,NA,NA,2020-02-07,NA,2020-02-12,2020-02-13,Discharged,2020-02-26,not to China,NA,NA,Singapore
60,NA,NA,NA,"Case 60, 51F, Grace Assembly of God",51,F,Singapore,National Centre for Infectious Diseases,2020-01-29,Grace Assembly of God,NA,2020-01-29,2020-02-08,NA,2020-02-12,2020-02-14,NA,NA,not to China,NA,Grace Assembly of God,Singapore
61,67,NA,NA,"Case 61, 57F, Grace Assembly of God",57,F,Singapore,National University Hospital,2020-01-29,Grace Assembly of God,NA,2020-01-29,2020-02-06,NA,2020-02-12,2020-02-14,NA,NA,not to China,Family member with Case 67,Grace Assembly of God,Singapore
62,NA,NA,NA,"Case 62, 44F, Grace Assembly of God",44,F,Singapore,Singapore General Hospital,2020-01-29,Grace Assembly of God,NA,2020-01-29,2020-02-09,NA,2020-02-12,2020-02-14,Discharged,2020-02-25,not to China,NA,Grace Assembly of God,Singapore
63,NA,NA,NA,"Case 63, 54F, Grace Assembly of God",54,F,Singapore,National Centre for Infectious Diseases,2020-01-29,Grace Assembly of God,NA,2020-01-29,2020-02-10,NA,2020-02-13,2020-02-14,Discharged,2020-02-21,not to China,NA,Grace Assembly of God,Singapore
64,NA,NA,NA,"Case 64, 50M, NA",50,M,Singapore,National University Hospital,NA,NA,NA,NA,2020-02-03,NA,2020-02-13,2020-02-14,Discharged,2020-02-23,not to China,NA,NA,Singapore
65,"50,55",NA,"Family member of 50, 55","Case 65, 61F, NA",61,F,Singapore,National Centre for Infectious Diseases,2020-01-30,"via 50,55 (Date of 55 symptom onset)",NA,2020-01-30,NA,NA,2020-02-12,2020-02-14,Discharged,2020-02-17,not to China,NA,NA,Singapore
66,"68, 70, 71, 80, 83, 91",NA,Grace Assembly of God index case,"Case 66, 28M, Grace Assembly of God",28,M,Singapore,National Centre for Infectious Diseases,2020-01-25,"via 83,91 at Chinese NY gathering",NA,2020-01-29,2020-01-29,NA,2020-02-12,2020-02-14,Discharged,2020-02-20,not to China,"Family member with Case 68, 70; Contact with Case 71, Linked to Case 80",Grace Assembly of God,Singapore
67,61,NA,Family member of 61,"Case 67, 56F, Grace Assembly of God",56,F,Singapore,National Centre for Infectious Diseases,2020-01-29,Grace Assembly of God,NA,2020-01-29,2020-02-09,NA,2020-02-14,2020-02-14,NA,NA,not to China,Family member with Case 61,Grace Assembly of God,Singapore
68,"66, 70, 71, 80",NA,NA,"Case 68, 79F, Grace Assembly of God",79,F,Singapore,National Centre for Infectious Diseases,2020-01-29,Grace Assembly of God,NA,2020-01-29,2020-01-30,NA,2020-02-14,2020-02-14,NA,NA,not to China,"Prior to hospital admission, she had attended church service at Bethany Presbyterian Church (364A Paya Lebar Road); Family member with Case 66, 70; Contact with Case 71, Linked to Case 80",Grace Assembly of God,Singapore
69,"42,47,52,56",NA,NA,"Case 69, 26M, Seletar Aerospace Heights",26,M,Singapore,National Centre for Infectious Diseases,2020-02-01,Seletar Aerospace Heights,NA,2020-02-01,2020-02-11,NA,2020-02-11,2020-02-15,NA,NA,not to China,NA,Seletar Aerospace Heights,Bangladesh
70,"66, 68, 71, 80",NA,NA,"Case 70, 27F, Grace Assembly of God",27,F,Singapore,National Centre for Infectious Diseases,2020-01-29,Grace Assembly of God,NA,2020-01-29,2020-02-03,NA,2020-02-14,2020-02-15,Discharged,2020-02-21,not to China,NA,Grace Assembly of God,Singapore
71,"66, 68, 70, 71, 80",NA,NA,"Case 71, 25M, Grace Assembly of God",25,M,Singapore,National Centre for Infectious Diseases,2020-01-29,Grace Assembly of God,NA,2020-01-29,2020-02-01,NA,2020-02-14,2020-02-15,NA,NA,not to China,NA,Grace Assembly of God,Singapore
72,"59, 79",NA,Contact of 59,"Case 72, 40M, NA",40,M,Singapore,National Centre for Infectious Diseases,2020-02-07,via 59 (Date of 59 symptom onset),NA,2020-02-07,2020-02-10,NA,2020-02-14,2020-02-15,NA,NA,not to China,NA,NA,China (Singapore Work Pass)
73,51,NA,Close contact of 51,"Case 73, 43M, Grace Assembly of God",43,M,Singapore,National Centre for Infectious Diseases,2020-01-29,Grace Assembly of God,NA,2020-01-29,2020-02-09,2020-02-13,2020-02-14,2020-02-15,Discharged,2020-02-26,not to China,he had attended church service at Grace Assembly of God (Tanglin) (355 Tanglin Road). He is a regular serviceman in the Singapore Armed Forces (SAF) but had not gone to work since onset of symptoms,Grace Assembly of God,Singapore
74,NA,NA,NA,"Case 74, 29M, Grace Assembly of God",29,M,Singapore,Alexandra Hospital,2020-01-29,Grace Assembly of God,NA,2020-01-29,2020-02-12,NA,2020-02-15,2020-02-15,NA,NA,not to China,"He had sought treatment at the Urgent Care Centre at AH on 12 February, and again on 15 February when he was admitted. Prior to hospital admission, he had gone to work at Hi-Yew Technology Pte Ltd (3031A Ubi Road)",Grace Assembly of God,Singapore
75,41,NA,Family member of 41,"Case 75, 71F, NA",71,F,Singapore,National Centre for Infectious Diseases,2020-02-01,via 41 (Date of 41 symptom onset),NA,2020-02-01,NA,2020-02-07,2020-02-07,2020-02-16,NA,NA,not to China,NA,NA,Singapore
76,NA,NA,NA,"Case 76, 1M, Wuhan",1,M,Singapore,KK Women's and Children's Hospital,2020-02-09,"Evacuated from Wuhan (Asymptomatic when boarded, quarantined upon arrival)",2020-02-09,NA,NA,2020-02-09,2020-02-09,2020-02-16,Discharged,2020-02-18,Wuhan,NA,Wuhan,Singapore
77,50,NA,Contact of 50,"Case 77, 35M, NA",35,M,Singapore,National Centre for Infectious Diseases,2020-02-07,via 50 (Date of 50 symptom onset),NA,2020-02-07,2020-02-10,NA,2020-02-12,2020-02-17,Discharged,2020-02-25,not to China,"Prior to hospital admission, he had mostly stayed at his home at McNair Road",NA,Singapore
78,NA,NA,NA,"Case 78, 57F, Grace Assembly of God",57,F,Singapore,National Centre for Infectious Diseases,2020-01-29,Grace Assembly of God,NA,2020-01-29,2020-02-09,NA,2020-02-17,2020-02-17,NA,NA,not to China,"Had sought treatment at two general practitioner (GP) clinics on 10 February and 17 February. Prior to hospital admission, she had gone to work at a VWO-run community hospital. She performs an administrative function at the community hospital, and had not interacted with patients since onset of symptoms.",Grace Assembly of God,Singapore
79,72,NA,Family member of 72,"Case 79, 35F, NA",35,F,Singapore,National Centre for Infectious Diseases,2020-02-10,via 72 via 59 (Date of 72 symptom onset),NA,2020-02-07,2020-02-12,2020-02-15,2020-02-17,2020-02-17,NA,NA,not to China,"Family member of case 72. Before she was served a Quarantine Order, she had gone to work at FoodXchange @ Admiralty (8A Admiralty Street). Her job function at FoodXchange does not entail handling of food",NA,Malaysia (Singapore Work Pass)
80,66,NA,Linked to 66,"Case 80, 38F, Grace Assembly of God",38,F,Singapore,National University Hospital,2020-01-29,Grace Assembly of God,NA,2020-01-29,2020-02-04,NA,2020-02-17,2020-02-18,NA,NA,not to China,"She works at NUH in an administrative function, and had not interacted with patients since onset of symptoms.",Grace Assembly of God,Singapore
81,NA,NA,NA,"Case 81, 50M, Grace Assembly of God",50,M,Singapore,National Centre for Infectious Diseases,2020-01-29,Grace Assembly of God,NA,2020-01-29,2020-02-16,NA,2020-02-17,2020-02-18,Discharged,2020-02-25,not to China,NA,Grace Assembly of God,Singapore
82,86,NA,NA,"Case 82, 57F, NA",57,F,Singapore,Ng Teng Fong General Hospital,NA,NA,NA,NA,2020-02-09,NA,2020-02-15,2020-02-19,NA,NA,not to China,NA,NA,Singapore
83,91,NA,Married to 91,"Case 83, 54M, Life Church",54,M,Singapore,National Centre for Infectious Diseases,2020-01-19,Life Church,NA,2020-01-19,2020-01-28,NA,2020-02-18,2020-02-19,Discharged,2020-02-21,Malaysia,NA,Life Church,Singapore
84,66,NA,NA,"Case 84, 35F, Grace Assembly of God",35,F,Singapore,National Centre for Infectious Diseases,2020-01-29,Grace Assembly of God,NA,2020-01-29,2020-02-04,NA,2020-02-18,2020-02-19,Discharged,2020-02-21,not to China,NA,Grace Assembly of God,Singapore
85,NA,NA,NA,"Case 85, 36M, NA",36,M,Singapore,National Centre for Infectious Diseases,NA,NA,NA,NA,2020-02-14,NA,2020-02-19,2020-02-20,NA,NA,not to China,NA,NA,China (Singapore Work Pass)
86,82,NA,Linked to 82,"Case 86, 24M, NA",24,M,Singapore,Ng Teng Fong General Hospital,2020-02-09,via 82 (Date of 82 symptom onset),NA,2020-02-09,2020-02-14,NA,2020-02-19,2020-02-20,NA,NA,not to China,"Prior to hospital admission, he had mostly stayed at his home at Bukit Batok East Avenue 5. He is a student at Singapore Institute of Technology, but had not gone to school since onset of symptoms",NA,Singapore
87,76,NA,NA,"Case 87, 32M, Wuhan",32,M,Singapore,National Centre for Infectious Diseases,2020-02-09,"Evacuated from Wuhan (Asymptomatic when boarded, quarantined upon arrival)",2020-02-09,NA,NA,2020-02-09,2020-02-09,2020-02-21,Discharged,2020-02-24,Wuhan,NA,Wuhan,Singapore
88,66,NA,Linked to 66,"Case 88, 30F, Grace Assembly of God",30,F,Singapore,National Centre for Infectious Diseases,2020-01-29,Grace Assembly of God,NA,2020-01-29,2020-02-16,NA,2020-02-21,2020-02-21,NA,NA,not to China,NA,Grace Assembly of God,Singapore
89,NA,NA,NA,"Case 89, 41M, NA",41,M,Singapore,National Centre for Infectious Diseases,NA,NA,NA,NA,2020-02-03,NA,2020-02-21,2020-02-22,NA,NA,not to China,NA,NA,Singapore
90,NA,NA,NA,"Case 90, 75F, Life Church",75,F,Singapore,National Centre for Infectious Diseases,2020-01-19,Life Church,NA,2020-01-19,2020-02-09,NA,2020-02-23,2020-02-23,NA,NA,not to China,NA,Life Church,Singapore
91,"66, 83",NA,"Linked to 66, married to 83","Case 91, 58F, Life Church",58,F,Singapore,National Centre for Infectious Diseases,2020-01-19,Life Church,NA,2020-01-19,2020-01-23,NA,2020-02-18,2020-02-22,Discharged,2020-02-25,not to China,NA,Life Church,Singapore
92,NA,NA,NA,"Case 92, 47M, NA",47,M,Singapore,Sengkang General Hospital,NA,NA,NA,NA,NA,NA,2020-02-25,2020-02-26,NA,NA,not to China,NA,NA,Singapore
93,NA,NA,NA,"Case 93, 38M, NA",38,M,Singapore,Ng Teng Fong General Hospital,NA,NA,NA,NA,NA,NA,2020-02-25,2020-02-26,NA,NA,not to China,NA,NA,Singapore